<?xml version="1.0" encoding="UTF-8"?>
<project-private xmlns="http://www.netbeans.org/ns/project-private/1">
    <editor-bookmarks xmlns="http://www.netbeans.org/ns/editor-bookmarks/2" lastBookmarkId="0"/>
    <open-files xmlns="http://www.netbeans.org/ns/projectui-open-files/2">
        <group>
            <file>file:/C:/Users/Minon_RTX3070x/OneDrive/เดสก์ท็อป/Project_2DGame/res/maps/World_map.txt</file>
            <file>file:/C:/Users/Minon_RTX3070x/OneDrive/เดสก์ท็อป/Project_2DGame/src/entity/Player.java</file>
            <file>file:/C:/Users/Minon_RTX3070x/OneDrive/เดสก์ท็อป/Project_2DGame/src/main/GamePanel.java</file>
            <file>file:/C:/Users/Minon_RTX3070x/OneDrive/เดสก์ท็อป/Project_2DGame/src/tile/TileManager.java</file>
            <file>file:/C:/Users/Minon_RTX3070x/OneDrive/เดสก์ท็อป/Project_2DGame/src/main/Main.java</file>
            <file>file:/C:/Users/Minon_RTX3070x/OneDrive/เดสก์ท็อป/Project_2DGame/src/entity/Monster.java</file>
            <file>file:/C:/Users/Minon_RTX3070x/OneDrive/เดสก์ท็อป/Project_2DGame/src/main/CollisionDetector.java</file>
        </group>
    </open-files>
</project-private>
